{"cameraMode":{"drawMode":0,"name":"Shaded","section":"Shading Mode"},"sceneLighting":false,"audioPlay":false,"sceneViewState":{"m_AlwaysRefresh":false,"showFog":true,"showSkybox":false,"showFlares":true,"showImageEffects":true,"showParticleSystems":true,"showVisualEffectGraphs":true,"m_FxEnabled":true},"in2DMode":false,"pivot":{"x":4.1369123458862309,"y":2.373788833618164,"z":0.9231134057044983},"rotation":{"x":-0.34459370374679568,"y":-0.2777354121208191,"z":0.10750292241573334,"w":-0.8902617692947388},"size":10.144655227661133,"orthographic":false}