{"cameraMode":{"drawMode":0,"name":"Shaded","section":"Shading Mode"},"sceneLighting":false,"audioPlay":false,"sceneViewState":{"m_AlwaysRefresh":false,"showFog":true,"showSkybox":false,"showFlares":true,"showImageEffects":true,"showParticleSystems":true,"showVisualEffectGraphs":true,"m_FxEnabled":true},"in2DMode":false,"pivot":{"x":4.126809597015381,"y":7.0289998054504398,"z":5.476179599761963},"rotation":{"x":-0.2060232013463974,"y":-0.19461531937122346,"z":0.04184887558221817,"w":-0.9580877423286438},"size":0.35074013471603396,"orthographic":false}